{"eval_id": 78, "standalone_query": "나무의 분류에 대해 조사해 보기 위한 방법은?", "topk": ["c63b9e3a-716f-423a-9c9b-0bcaa1b9f35d", "9712bdf6-9419-4953-a8f1-8a4015dee986", "a3071404-122f-408b-86a0-1787b4449a1b"], "answer": "나무의 분류를 조사하기 위해 다음과 같은 방법을 사용할 수 있습니다:\n\n1. **현장 조사**: 직접 숲이나 공원에 가서 다양한 나무를 관찰하고, 잎, 꽃, 열매 등의 특징을 기록합니다.\n\n2. **도감 활용**: 식물 도감이나 나무 도감을 사용하여 나무의 외형적 특징을 비교하고, 해당 나무의 이름과 분류를 확인합니다.\n\n3. **온라인 데이터베이스**: 인터넷을 통해 식물 분류에 대한 정보를 제공하는 웹사이트나 데이터베이스를 활용하여 나무의 학명과 분류 체계를 조사합니다.\n\n4. **분자 생물학적 방법**: DNA 분석을 통해 나무의 유전적 정보를 조사하여 보다 정확한 분류를 할 수 있습니다. 이 방법은 특히 외형적 특징이 비슷한 나무들을 구분하는 데 유용합니다.\n\n5. **전문가 상담**: 식물학자나 관련 전문가에게 자문을 구하여 나무의 분류에 대한 정확한 정보를 얻을 수 있습니다.\n\n이러한 방법들을 통해 나무의 분류를 체계적으로 조사할 수 있습니다.", "references": [{"docid": "c63b9e3a-716f-423a-9c9b-0bcaa1b9f35d", "score": 0.8522273298138741, "content": "한 학생이 다양한 종류의 나무를 조사하고 있습니다. 이 학생은 성장 속도, 온도 범위, 크기가 비슷한 두 나무를 발견했습니다. 그러나 이 두 나무의 잎과 꽃은 서로 다릅니다. 이러한 특징을 고려하면, 이 나무들은 대체로 같은 속에 속해 있을 것으로 추측됩니다. 같은 속에 속한 나무들은 종류별로 유사한 특징을 가지고 있으며, 이는 생물 분류학에서 중요한 기준 중 하나입니다. 따라서 이 학생의 조사 결과는 나무의 분류와 관련된 중요한 정보를 제공할 수 있습니다. 이러한 조사는 나무의 성장과 생태에 대한 이해를 높이는 데 도움이 될 것입니다."}, {"docid": "9712bdf6-9419-4953-a8f1-8a4015dee986", "score": 0.7969042287692307, "content": "생물학에서 일부 생물체의 분류 방법이 변경되었습니다. 이제 생물체를 재분류하는 데에는 구조보다는 분자 수준에서의 조사가 사용됩니다. 이 새로운 방법은 생물체의 유전자나 단백질의 구조와 기능을 분석하여 그들의 진화적 관계를 밝히는 데에 큰 도움이 됩니다. 이러한 분자 수준의 조사는 생물체의 유전적 유사성을 파악하고, 서로 다른 종 간의 진화적 연결고리를 찾는 데에 중요한 역할을 합니다. 이 방법은 생물체의 분류를 더욱 정확하고 명확하게 만들어주며, 생물 다양성 연구에도 큰 기여를 하고 있습니다. 이제 구조보다는 분자 수준에서의 조사가 생물체의 재분류에 사용되고 있으며, 이는 생물학의 발전에 새로운 지평을 열어주고 있습니다."}, {"docid": "a3071404-122f-408b-86a0-1787b4449a1b", "score": 0.7841681307129147, "content": "과학자들은 새로 발견된 생물체를 분류하기 위해 철저한 조사를 진행합니다. 이 조사 과정에서 생물체의 구조, DNA, 그리고 생활사를 상세히 분석합니다. 이러한 연구 결과는 과학적 지식을 수정할 가능성이 높습니다. 과학자들은 이러한 연구를 통해 새로운 종을 발견하거나 기존의 분류 체계를 개선할 수 있습니다. 이러한 연구는 생물 다양성을 이해하고 보존하는 데에도 큰 도움이 됩니다. 과학자들은 이러한 연구를 통해 우리가 아직 알지 못하는 생물체들의 비밀을 해독하고, 자연의 다양성을 탐구하는 데에 기여하고 있습니다. 따라서, 과학자들의 연구는 우리에게 많은 통찰력을 제공하며, 과학적 지식을 더욱 발전시키는 역할을 합니다."}]}
{"eval_id": 213, "standalone_query": "각 나라에서의 공교육 지출 현황에 대해 알려줘.", "topk": ["79c93deb-fe60-4c81-8d51-cb7400a0a156", "88439180-e442-4ecf-a485-88c7de0296e9", "4f0ea39c-f16c-4d6a-9709-d106c66afcc9"], "answer": "각 나라의 공교육 지출 현황에 대한 구체적인 정보는 제공된 자료로는 부족하여 답변하기 어렵습니다. 일반적으로 각국의 공교육 지출은 국가의 경제 규모, 교육 정책, 우선순위 등에 따라 크게 다르며, 보통 GDP의 일정 비율로 측정됩니다. 더 구체적인 정보를 원하신다면 각국의 교육부나 관련 국제 기구의 최신 보고서를 참조하시는 것이 좋습니다.", "references": [{"docid": "79c93deb-fe60-4c81-8d51-cb7400a0a156", "score": 0.8701504534534554, "content": "2017년 현재, 전세계의 공공 교육 지출은 세계 GDP의 약 4%를 차지하고 있습니다. 이는 국가들이 교육에 많은 자원을 투자하고 있다는 것을 보여줍니다. 공공 교육은 사회의 발전과 경제 성장에 중요한 역할을 합니다. 국가들은 교육을 통해 인재를 양성하고, 인구의 교육 수준을 높여 경제적인 경쟁력을 강화하고자 합니다. 따라서 많은 국가들이 교육에 많은 예산을 할당하고 있으며, 이는 세계 GDP의 4%에 해당하는 규모입니다. 이러한 투자는 국가의 교육 체계를 강화하고, 국민들의 교육 기회를 확대하는 데 도움을 줍니다. 공공 교육 지출은 국가의 교육 정책과 우선순위를 반영하며, 국가의 교육 수준과 경제 성장에 직결되는 중요한 지표입니다."}, {"docid": "88439180-e442-4ecf-a485-88c7de0296e9", "score": 0.8333707090633339, "content": "여러 미개발국가들의 중등학교 등록 수준은 각기 다릅니다. 그 중에서도 2020년 현재 중등학교 등록률이 높은 국가들로는 콜롬비아, 페루, 우루과이, 코스타리카가 있습니다. 이들 국가들은 교육에 많은 투자를 하고 있으며, 학생들의 교육 기회를 확대하기 위해 노력하고 있습니다. 콜롬비아는 높은 등록률을 유지하면서도 교육의 질을 높이기 위해 교사들의 교육을 강화하고 있습니다. 페루는 국가 전체적으로 중등학교 등록률을 높이기 위해 정책적인 지원을 하고 있으며, 우루과이는 교육 시스템을 혁신하여 학생들의 학습 효과를 극대화하고 있습니다. 코스타리카는 교육에 대한 사회적인 인식을 높이고, 학생들의 학습 환경을 개선하기 위해 다양한 프로그램을 운영하고 있습니다. 이러한 노력들이 중등학교 등록률을 높이는 데에 큰 역할을 하고 있습니다."}, {"docid": "4f0ea39c-f16c-4d6a-9709-d106c66afcc9", "score": 0.8069381052678591, "content": "세계 의료비 총지출은 2017년 현재 세계 GDP의 약 10%를 차지하고 있습니다. 이는 세계 각국이 건강과 의료에 많은 자원을 투자하고 있다는 것을 보여줍니다. 의료비 총지출은 의료 시스템의 발전과 인구의 건강 수준 향상을 위해 중요한 지표로 사용됩니다. 세계 의료비 총지출이 GDP의 10%에 이르는 것은 의료 분야에 대한 긍정적인 투자와 의료 기술의 발전을 반영하는 결과입니다. 이러한 투자는 인류의 건강과 복지를 증진시키는 데 큰 역할을 합니다."}]}
{"eval_id": 107, "standalone_query": "기억 상실증은 어떤 원인 때문에 발생하나요?", "topk": ["25de4ffd-cee4-4f27-907e-fd6b802c6ede", "f8b625f3-e38d-41ac-806d-ed0b1f1ef40f", "ad56325d-400f-416c-b5de-2053eedecac4"], "answer": "기억 상실증은 다양한 원인에 의해 발생할 수 있습니다. 일반적으로는 뇌 손상, 뇌졸중, 뇌염, 뇌종양, 알코올 중독, 약물 남용, 심한 스트레스, 정신적 충격 등이 원인이 될 수 있습니다. 또한, 알츠하이머병과 같은 신경퇴행성 질환도 기억 상실을 유발할 수 있습니다. 이러한 원인들은 뇌의 특정 부분에 영향을 미쳐 기억을 저장하거나 회상하는 능력을 방해할 수 있습니다.", "references": [{"docid": "25de4ffd-cee4-4f27-907e-fd6b802c6ede", "score": 0.8510209065011087, "content": "기억 상실은 대뇌의 기능 장애로 인해 발생할 가능성이 가장 높습니다. 대뇌는 인간의 중추신경계에서 가장 중요한 역할을 담당하며, 인지, 기억, 감정 등 다양한 기능을 조절합니다. 따라서 대뇌의 어느 부분에서 문제가 발생하면 기억 상실이나 기타 인지 기능의 장애가 발생할 수 있습니다. 대뇌는 뇌의 가장 큰 부분으로, 뇌의 표면에 위치한 뇌피질과 그 아래에 있는 심층뇌로 구성되어 있습니다. 이러한 대뇌의 구조와 기능이 원활하게 작동하지 않으면 기억 상실이 발생할 수 있습니다. 따라서 대뇌는 기억 상실과 관련된 가장 중요한 부분으로 간주됩니다."}, {"docid": "f8b625f3-e38d-41ac-806d-ed0b1f1ef40f", "score": 0.8265930412110887, "content": "위내막이 손상되면 치매와 같은 다양한 증상이 발생할 수 있습니다. 치매는 뇌 기능의 저하로 인해 기억력, 사고력, 판단력 등의 문제가 생기는 질환입니다. 이는 위내막의 손상으로 인해 발생할 수 있습니다. 치매의 주요 증상으로는 기억력의 감퇴, 언어 능력의 저하, 행동 변화, 인지 능력의 저하 등이 있습니다. 이러한 증상은 치매로 인한 위내막 손상으로 인해 발생할 수 있습니다. 따라서, 위내막의 손상은 치매와 같은 다양한 증상을 유발할 수 있습니다."}, {"docid": "ad56325d-400f-416c-b5de-2053eedecac4", "score": 0.8058687837028805, "content": "치매는 뇌손상이 되돌릴 수 없고 증가하고 있는 질환입니다. 이 질환은 뇌 기능의 저하와 기억력 손실을 초래합니다. 치매는 주로 노인들에게서 발생하지만, 어떤 경우에는 어린이나 중년층에서도 발생할 수 있습니다. 치매는 점진적으로 증상이 악화되며, 일상 생활에 심각한 영향을 미칩니다. 이 질환은 현재로서는 완전히 치료할 수 없지만, 조기 발견과 관리를 통해 증상의 진행을 늦출 수 있습니다. 치매에 대한 연구는 계속 진행되고 있으며, 예방과 치료에 대한 새로운 방법들이 개발되고 있습니다. 치매는 많은 사람들에게 영향을 미치는 질환으로, 사회적인 문제로도 대두되고 있습니다. 따라서 치매에 대한 인식과 이해를 높이는 것이 중요합니다. 치매는 현재로서는 완전히 치료할 수 없지만, 연구와 노력을 통해 이 질환을 극복할 수 있는 방법들이 발전될 것을 기대합니다."}]}
{"eval_id": 81, "standalone_query": "통학 버스의 가치에 대해 말해줘.", "topk": ["bd91bda8-351e-4683-bb1a-8254f93e2376", "7404b07e-7b4d-4668-9d1a-7742a063a4ce", "bbcda676-e53a-44e9-9bcb-aebdd2d9e81c"], "answer": "통학 버스는 학생들의 안전한 이동을 보장하고, 교통 혼잡을 줄이며, 환경 보호에 기여하는 중요한 교통 수단입니다. 통학 버스를 이용하면 개별 차량 사용이 줄어들어 교통 체증이 완화되고, 대기 오염이 감소합니다. 또한, 학생들이 안전하게 학교에 도착할 수 있도록 도와주며, 부모들의 시간과 비용을 절약할 수 있습니다. 이러한 이유로 통학 버스는 교육 시스템에서 중요한 역할을 하고 있습니다.", "references": [{"docid": "bd91bda8-351e-4683-bb1a-8254f93e2376", "score": 0.8298741289721153, "content": "학교 버스는 동일한 거리에 놓여 있을 때, 가장 큰 인력을 가질 것이다. 이는 학교 버스 간에 존재할 것이다. 학교 버스는 많은 학생들을 운송하고, 학교로 가는 길에 많은 사람들을 만난다. 따라서, 학교 버스는 많은 사람들의 관심과 주목을 받을 것이다. 또한, 학교 버스는 학교의 상징이기도 하며, 학생들에게 안전하고 편리한 이동 수단을 제공한다. 따라서, 학교 버스는 동일한 거리에 놓여 있을 때, 가장 큰 인력을 가지고 있을 것이다."}, {"docid": "7404b07e-7b4d-4668-9d1a-7742a063a4ce", "score": 0.7975791681530285, "content": "1995년, 워싱턴 D.C.의 민간 버스 회사가 모든 투어 버스를 콩에서 얻은 연료로 운행하는 프로그램을 도입했습니다. 이 프로그램은 환경 보호를 위한 혁신적인 시도로서, 대기 오염을 줄이고 친환경적인 교통 수단을 제공합니다. 버스를 움직이는 것은 바이오 가스입니다. 바이오 가스는 콩의 발효 과정을 통해 생산되며, 이를 연료로 사용함으로써 화석 연료의 사용을 줄이고 온실 가스 배출을 감소시킵니다. 이 프로그램은 도시의 대중 교통 시스템을 보다 지속 가능하고 친환경적인 방향으로 이끄는 좋은 예시입니다. 또한, 이 프로그램은 지역 농부들에게도 혜택을 제공합니다. 콩 생산량이 증가하면서 농부들은 수익을 높일 수 있고, 동시에 지속 가능한 농업을 유지할 수 있습니다. 이러한 프로그램의 성공은 다른 도시들에도 영감을 주고, 친환경적인 교통 시스템의 확산을 촉진할 것으로 기대됩니다."}, {"docid": "bbcda676-e53a-44e9-9bcb-aebdd2d9e81c", "score": 0.7788089345133687, "content": "경주용 자동차가 8대의 버스를 점프하려고 합니다. 이를 위해 자동차는 끝에 경사로가 있는 평평한 트랙에 설치되어 있습니다. 프로젝트에 배정된 엔지니어들은 버스를 점프하기 위해서는 자동차가 130 km/h의 속도를 내야 한다고 계산했습니다. 트랙의 거리는 50 m입니다. 이 속도에 도달하기 위해 자동차는 어느 정도의 속도로 가속해야 할까요?   가속도는 속도 변화량을 시간으로 나눈 값입니다. 따라서, 가속도를 구하기 위해서는 속도 변화량과 시간을 알아야 합니다.   주어진 문제에서는 속도 변화량이 주어지지 않았으므로, 가속도를 구하기 위해서는 다른 정보를 활용해야 합니다.   트랙의 거리가 50 m이고, 자동차가 130 km/h의 속도를 내야 한다고 했으므로, 시간을 구할 수 있습니다.   130 km/h는 130,000 m/3600 s로 계산할 수 있습니다. 따라서, 자동차가 130 km/h의 속도로 이동하기 위해서는 36.11 s가 필요합니다.   가속도는 속도 변화량을 시간으로 나눈 값이므로, 속도 변화량을 구하기 위해서는 최종 속도와 초기 속도를 알아야 합니다.   주어진 문제에서는 최종 속도가 130 km/h이고, 초기 속도가 0 m/s이므로, 속도 변화량은 130 km/h - 0 m/s = 130 km/h입니다.   이를 시간으로 나누면, 가속도를 구할 수 있습니다.   130 km/h는 130,000 m/3600 s로 계산할 수 있습니다. 따라서, 가속도는 130,000 m/3600 s / 36.11 s = 13 m/s^2입니다.   따라서, 자동차는 13 m/s^2의 가속도로 가속해야 합니다."}]}
{"eval_id": 280, "standalone_query": "Dmitri Ivanovsky가 누구야?", "topk": ["38686456-b993-4cbb-af0d-1c53df2f3e12", "a74566e3-1727-4528-8bc3-61e8ec3ca352", "1ed4b694-06c7-4eed-b209-7481153d4a0f"], "answer": "드미트리 이바노프스키는 러시아의 식물학자이자 미생물학자로, 1892년에 담배 모자이크 병을 연구하면서 바이러스의 존재를 처음으로 발견한 인물입니다. 그는 필터를 통해 세균을 걸러낸 후에도 병원체가 여전히 감염성을 유지한다는 것을 발견했으며, 이는 바이러스가 세균보다 훨씬 작은 미생물임을 시사하는 중요한 발견이었습니다. 이바노프스키의 연구는 바이러스학의 기초를 마련하는 데 큰 기여를 했습니다.", "references": [{"docid": "38686456-b993-4cbb-af0d-1c53df2f3e12", "score": 0.8098870254162319, "content": "드미트리 이바노프스키는 식물학자로 알려진 사람으로, 그는 최초의 바이러스를 발견한 사람입니다. 그는 바이러스의 존재를 밝혀내고 그 특성을 연구하여 많은 사람들에게 큰 영향을 주었습니다. 이바노프스키의 발견은 과학계에 큰 파장을 일으켰으며, 바이러스에 대한 연구와 이해를 더욱 발전시키는 계기가 되었습니다. 이바노프스키의 발견은 현대 의학과 생물학의 발전에 큰 영향을 미쳤으며, 그의 업적은 오늘날에도 많은 사람들에게 기억되고 있습니다."}, {"docid": "a74566e3-1727-4528-8bc3-61e8ec3ca352", "score": 0.7668966600376674, "content": "1879년, 마리 코르뉘는 태양에서 나오는 빛에서 자외선(UV)이 감소하는 것을 발견했습니다. 이 현상은 당시에는 이해되지 않았지만, 그녀는 이 현상의 원인을 탐구하기 시작했습니다. 2년 후, 월터 하틀리는 오존이 UV 빛의 특정 파장을 흡수한다는 것을 발견했습니다. 이 발견은 마리 코르뉘의 연구를 한 단계 더 나아가게 했습니다. 그녀는 오존이 자외선을 흡수하여 감소시키는 역할을 하는 것으로 추정했습니다. 이러한 추정은 샤를 파브리와 앙리 뷔송이 지구의 대기 중 오존층을 발견하게 된 연구를 진행한 동기가 되었습니다. 파브리와 뷔송은 오존이 자외선을 흡수하여 지구의 표면에 도달하는 양을 제한하는 역할을 한다는 가설을 세웠습니다. 이 가설은 관찰된 현상의 원인을 탐구하는 데에 큰 도움이 되었습니다."}, {"docid": "1ed4b694-06c7-4eed-b209-7481153d4a0f", "score": 0.7498808599341368, "content": "레트로바이러스는 백혈병을 일으키는 생쥐에서 발견되었습니다. 이 생쥐들은 실험실에서 연구를 위해 사용되었으며, 백혈병의 원인을 밝히기 위한 연구 중에 우연히 레트로바이러스를 발견하게 되었습니다. 이 발견은 과학계에 큰 충격을 주었고, 레트로바이러스에 대한 연구가 활발히 진행되었습니다. 레트로바이러스는 DNA가 아닌 RNA로 이루어진 바이러스로, 생쥐의 유전자에 영향을 주어 백혈병을 일으키는 것으로 알려져 있습니다. 이러한 발견은 백혈병 치료에 대한 새로운 접근법을 제시하고, 레트로바이러스와의 전쟁을 시작하게 되었습니다. 현재까지도 레트로바이러스와의 싸움은 계속되고 있으며, 백혈병 치료에 대한 연구는 더욱 진행되고 있습니다."}]}
{"eval_id": 10, "standalone_query": "피임을 위한 약물 방법은 효과적인가?", "topk": ["d89e78ba-71e3-4200-8049-89f0d13285a9", "99a07643-8479-4d34-9de8-68627854f458", "5eef496e-a26d-44aa-bd84-87152c7ed771"], "answer": "피임약은 임신을 예방하는 데 효과적인 방법 중 하나로 널리 사용되고 있습니다. 경구 피임약은 호르몬을 통해 배란을 억제하고 자궁 내막을 변화시켜 임신을 방지합니다. 피임약은 사용이 간편하고, 생리 주기를 조절하는 데 도움을 줄 수 있으며, 여드름 개선 등의 추가적인 이점도 있습니다. 그러나 모든 약물과 마찬가지로 부작용이 있을 수 있으며, 개인의 건강 상태에 따라 적합하지 않을 수도 있습니다. 따라서 피임약 사용을 고려할 때는 의사와 상담하여 자신의 건강 상태에 맞는지 확인하는 것이 중요합니다.", "references": [{"docid": "d89e78ba-71e3-4200-8049-89f0d13285a9", "score": 0.8473667071128753, "content": "PreP는 성병 예방을 위한 효과적인 방법 중 하나입니다. 콘돔을 사용하지 않는 성관계를 자주 가지는 남성에게 가장 효과적입니다. PreP는 HIV 감염 위험을 줄이기 위해 일정한 약물을 복용하는 것으로, 성관계 시 HIV에 노출되더라도 감염을 예방할 수 있습니다. 이러한 방법은 성관계를 즐기는 사람들에게 추가적인 보호를 제공하며, HIV 감염 위험을 최소화하는 데 도움이 됩니다. 따라서 콘돔을 사용하지 않는 성관계를 자주 가지는 남성에게 PreP는 가장 효과적인 방법 중 하나입니다."}, {"docid": "99a07643-8479-4d34-9de8-68627854f458", "score": 0.838364736705736, "content": "피임약 도입에 관한 실험적 연구는 빈곤한 푸에르토리코 여성들을 대상으로 이루어졌다. 이 연구는 피임약의 효과와 부작용을 조사하기 위해 진행되었다. 실험은 여러 단계로 이루어져서, 푸에르토리코 여성들에게 피임약을 제공하고 그 결과를 분석하였다. 연구 결과는 피임약이 효과적으로 임신을 예방하는 데 도움이 되었으며, 부작용은 일부 사용자들에게 나타났다. 이러한 연구는 피임약의 개발과 사용에 대한 중요한 정보를 제공하였고, 이후에 다른 지역과 여성들에게도 적용되었다. 피임약은 현재 많은 여성들에게 선택적인 피임 방법으로 사용되고 있다."}, {"docid": "5eef496e-a26d-44aa-bd84-87152c7ed771", "score": 0.7920373783630524, "content": "자궁내막증은 일반적으로 호르몬 치료로 치료됩니다. 호르몬 치료는 자궁내막의 성장을 억제하고 염증을 감소시키는 데 도움이 됩니다. 이를 통해 증상을 완화하고 자궁내막증의 진행을 제어할 수 있습니다. 호르몬 치료에는 경구 피임약, 자궁내 임플란트, 자궁내 스프레이 등이 포함될 수 있습니다. 이러한 치료는 일반적으로 증상을 완화하고 생리통, 불규칙한 월경, 과다출혈 등을 개선시킵니다. 그러나 치료 방법은 환자의 상태와 증상에 따라 다를 수 있으므로 의사와 상담하여 적절한 치료 방법을 결정하는 것이 중요합니다. 추가적으로 수술이 필요한 경우에는 자궁내막 절제술, 자궁적출술 등의 수술 옵션이 고려될 수 있습니다. 이러한 수술은 자궁내막 조직을 제거하거나 자궁을 제거하여 증상을 완화시키는 데 도움이 됩니다. 그러나 수술은 일반적으로 마지막 수단으로 고려되며, 치료 전략은 개별적으로 결정되어야 합니다."}]}
{"eval_id": 100, "standalone_query": "헬륨이 다른 원소들과 반응을 잘 안하는 이유는?", "topk": ["d9ce8432-f72e-4253-9735-98318a6f9f7f", "2799c61e-5d2c-4c3f-b4a4-d58ffdee9f92", "1f6fdb14-381a-4e01-94c3-e0fa6402afae"], "answer": "헬륨이 다른 원소들과 반응을 잘 하지 않는 이유는 헬륨이 비활성 기체로서 최외각 전자껍질이 완전히 채워져 있기 때문입니다. 이러한 전자 배치는 매우 안정적이어서 다른 원소들과 화학적으로 결합할 필요가 없습니다. 따라서 헬륨은 화학 반응에 거의 참여하지 않으며, 다른 원소들과 결합하여 화합물을 형성하지 않습니다.", "references": [{"docid": "d9ce8432-f72e-4253-9735-98318a6f9f7f", "score": 0.8450316039570865, "content": "희귀한 기체인 헬륨, 네온, 아르곤, 크립톤, 크세논, 라돈은 다른 원소들과 거의 반응하지 않습니다. 이는 최외각 에너지 준위가 완전하게 채워져 있기 때문입니다. 이러한 특성으로 인해 이러한 희귀 기체들은 안정하고 비활성인 성질을 가지고 있습니다. 이들은 화학 반응에서 거의 관여하지 않으며, 다른 원소들과 결합하여 화합물을 형성하지 않습니다. 이러한 특징은 희귀 기체들을 다양한 산업 분야에서 사용할 수 있게 만들어줍니다. 예를 들어, 헬륨은 기체 냉매로 사용되며, 네온은 광고 표시판에 사용됩니다. 아르곤은 용접 작업에 사용되고, 크세논은 높은 휘도를 가진 조명 장치에 사용됩니다. 이러한 희귀 기체들은 우리 일상 생활에서도 다양한 용도로 활용되고 있습니다."}, {"docid": "2799c61e-5d2c-4c3f-b4a4-d58ffdee9f92", "score": 0.8322814545029379, "content": "주기율표는 원소들을 그룹과 주기로 나누어 표현하는 방법입니다. 그룹은 세로로 배열된 열을 의미하며, 가장 반응성이 낮은 원소를 포함하는 그룹은 그룹 18 (8A)입니다. 이 그룹은 흔히 비활성 기체라고도 불리며, 헬륨, 네온, 아르곤 등을 포함하고 있습니다. 이러한 원소들은 전자 껍질이 완전히 채워져 있어 다른 원소와의 화학적 반응이 거의 일어나지 않습니다. 따라서, 그룹 18은 가장 반응성이 낮은 원소들을 포함하고 있습니다."}, {"docid": "1f6fdb14-381a-4e01-94c3-e0fa6402afae", "score": 0.8230873105057896, "content": "원소 주기율표에 따르면, He, Ne, Ar 원소 집합은 유사한 성질을 가지고 있습니다. 이들은 모두 비활성 기체로서, 외부 원소와 거의 반응하지 않는 특성을 가지고 있습니다. 또한, 이들은 모두 8개의 전자를 외께 전자껍질에 가지고 있으며, 이는 전자 구성의 안정성을 나타냅니다. 따라서, He, Ne, Ar 원소는 주기율표에서 같은 주기에 위치하고 있으며, 이는 그들이 유사한 성질을 가지고 있다는 것을 의미합니다."}]}
{"eval_id": 279, "standalone_query": "문맹 비율이 사회 발전에 미치는 영향은?", "topk": ["de1ab247-9d48-48f7-8499-31606f53c108", "0f0dd1ae-a36c-4c97-9785-4698400c67b1", "9f9981f6-4956-4244-8c53-81e9e1ec0ac8"], "answer": "문맹 비율은 사회 발전에 여러 가지 중요한 영향을 미칩니다. 문맹률이 높은 사회에서는 정보 접근이 제한되어 경제 발전이 저해될 수 있으며, 개인의 직업 기회도 제한됩니다. 또한, 문맹은 건강 정보에 대한 접근성을 낮추어 공중 보건에도 부정적인 영향을 미칠 수 있습니다. 반면, 문맹률이 낮아지면 교육 수준이 향상되고, 이는 경제 성장과 사회적 평등을 촉진하는 데 기여합니다. 따라서 문맹률을 낮추기 위한 교육 기회의 확대는 사회 발전에 필수적입니다.", "references": [{"docid": "de1ab247-9d48-48f7-8499-31606f53c108", "score": 0.8529704529838742, "content": "1950년에 전세계 인구 중 문맹이 아닌 사람은 대략 56%였습니다. 이는 인류의 문맹률이 점차 감소하고 있음을 보여줍니다. 세계 각국에서 교육의 중요성이 인식되고, 교육 기회가 늘어나면서 문맹률이 낮아지고 있습니다. 이러한 추세는 사회의 발전과 인간의 인권 증진에 긍정적인 영향을 미치고 있습니다. 문맹률이 낮아짐으로써 사람들은 더 많은 정보를 얻을 수 있고, 경제적으로도 더 발전할 수 있습니다. 따라서, 국가 및 국제 단위에서 교육의 중요성을 강조하고, 모든 사람들에게 교육 기회를 제공하는 것이 필요합니다. 이를 통해 문맹률을 더욱 낮출 수 있고, 더욱 발전된 사회를 구축할 수 있을 것입니다."}, {"docid": "0f0dd1ae-a36c-4c97-9785-4698400c67b1", "score": 0.8466001912450661, "content": "현재로서 2015년 기준으로, 전 세계에서 15세 이상의 인구 중 문맹이 아닌 사람은 86%입니다. 이는 매우 높은 비율입니다. 세계적으로 문맹률이 감소하고, 교육의 중요성이 인식되고 있는 것을 알 수 있습니다. 문맹이 아닌 사람들은 글을 읽고 쓰는 능력을 갖추고 있으며, 정보에 더욱 쉽게 접근할 수 있습니다. 이는 사회의 발전과 개인의 성장에 매우 중요한 역할을 합니다. 그러나 여전히 문맹인 사람들이 존재하므로, 국가 및 국제 단체들은 더 많은 노력을 기울여 문맹률을 더욱 낮추는 데에 주력해야 합니다. 교육의 기회를 더욱 확대하고, 문맹인 사람들에게도 교육의 기회를 제공함으로써 더욱 공정하고 평등한 사회를 구축할 수 있을 것입니다."}, {"docid": "9f9981f6-4956-4244-8c53-81e9e1ec0ac8", "score": 0.7873178981906996, "content": "2014년 현재, 사하라 이남 아프리카 국가들 중 초등학교 재학 연령임에도 학교를 다니지 않는 아동은 약 20%입니다. 이는 매우 높은 비율로, 아프리카 대륙에서 교육의 어려움을 보여주는 지표입니다. 이러한 상황은 경제적인 이유, 가족의 사회적인 압력, 교육 시설의 부족 등 다양한 요인으로 인해 발생할 수 있습니다. 이러한 문제를 해결하기 위해 국제 기구들과 현지 정부들은 교육에 대한 투자를 증가시키고, 교육 시설을 개선하며, 교사들의 교육 수준을 높이는 등의 노력을 기울이고 있습니다. 그러나 아직도 많은 어려움이 남아있어, 국제사회의 지속적인 관심과 지원이 필요합니다."}]}
{"eval_id": 42, "standalone_query": "이란-콘트라 사건이 미국 정치에 어떤 영향을 미쳤나요?", "topk": ["4b49f3a2-32c9-4b2e-89c4-4719f98e7a74", "2e91a956-a24a-4d0c-8a9a-7aeadba95ad9", "e181b15e-d1a2-445e-8867-2bc0b6a0ae65"], "answer": "이란-콘트라 사건은 미국 정치에 여러 가지 영향을 미쳤습니다. 이 사건은 레이건 행정부의 신뢰성을 크게 훼손시켰고, 대통령의 권한 남용과 외교 정책에 대한 의회와 국민의 감시 필요성을 강조하게 되었습니다. 또한, 이 사건은 미국 내에서 정부의 비밀 작전과 관련된 논란을 불러일으켰으며, 이후 정부의 투명성과 책임성을 강화하는 계기가 되었습니다. 이 사건은 미국 정치사에서 중요한 교훈을 남겼으며, 이후의 정치적 논의와 정책 결정에 영향을 미쳤습니다.", "references": [{"docid": "4b49f3a2-32c9-4b2e-89c4-4719f98e7a74", "score": 0.8810034184055554, "content": "1987년에 이란-콘트라 사건이 발생했습니다. 이 사건은 이란과 니카라과의 갈등과 미국의 개입으로 인해 발생한 것으로 알려져 있습니다. 이 사건에서 미국인들 중 75%는 레이건 대통령이 정보를 숨기고 있다고 믿었습니다. 이는 레이건 대통령의 신뢰도가 낮아진 원인 중 하나였습니다. 이란-콘트라 사건은 미국 역사상 중요한 사건 중 하나로 기억되고 있으며, 이 사건은 미국의 외교 정책과 국내 정치에 큰 영향을 미쳤습니다."}, {"docid": "2e91a956-a24a-4d0c-8a9a-7aeadba95ad9", "score": 0.8114833961776687, "content": "닉슨이 사임하기 전에 닉슨을 해임해야 한다고 생각한 사람들의 수는 57%였습니다. 이는 닉슨 대통령의 행정부에 대한 신뢰가 크게 훼손되었음을 보여줍니다. 닉슨 대통령은 1972년 워터게이트 스캔들로 인해 많은 비난을 받았고, 이로 인해 국민들의 신뢰를 잃었습니다. 이에 따라 많은 사람들이 닉슨을 해임해야 한다고 생각하게 되었고, 이견을 제기한 사람들의 수는 57%에 달했습니다. 이는 국민들이 닉슨 대통령의 부정행위에 대해 엄중한 처벌을 요구하고자 했음을 보여줍니다. 이러한 상황은 결국 닉슨 대통령의 사임으로 이어졌으며, 이는 미국 정치사에서 큰 사건으로 기억되고 있습니다."}, {"docid": "e181b15e-d1a2-445e-8867-2bc0b6a0ae65", "score": 0.8035814147237287, "content": "미국에서는 2013년 현재, 정당이 부패했다는 의식을 가진 사람들의 비율이 76%입니다. 이는 많은 사람들이 정치적인 부패와 불공정한 시스템에 대한 우려를 가지고 있다는 것을 보여줍니다. 정당의 부패는 공공의 이익을 훼손하고 시민들의 불신을 증폭시킬 수 있으며, 이는 민주주의의 원칙과 가치에 위협이 될 수 있습니다. 이러한 문제에 대한 인식과 대응은 미국 정치의 발전과 민주주의의 강화를 위해 중요한 과제입니다. 정당의 부패를 막기 위해서는 투명하고 효과적인 정치적인 체계와 강력한 법률 시행이 필요합니다. 또한, 시민들은 정치에 관심을 가지고 참여하며, 부패와 불공정에 대한 신호를 주고 반발해야 합니다. 이를 통해 미국은 더욱 공정하고 투명한 정치적인 환경을 구축할 수 있을 것입니다."}]}
{"eval_id": 308, "standalone_query": "자기장이 얼마나 센지 표현하는 방식은?", "topk": ["72c780ec-57bb-4fe1-976a-d7ee3d3dbb52", "1dc70815-2d4d-4b09-a03e-54005e7863b9", "0bab5a88-e5d7-47ce-8b7f-5434c92c6fa2"], "answer": "자기장의 세기를 표현하는 방식은 주로 테슬라(T)라는 단위를 사용합니다. 테슬라는 자기장의 세기를 나타내는 국제단위계(SI) 단위로, 1 테슬라는 1 제곱미터당 1 웨버의 자속 밀도를 의미합니다. 자기장의 세기를 측정할 때는 테슬라 외에도 가우스(G)라는 단위가 사용되기도 하며, 1 테슬라는 10,000 가우스에 해당합니다.", "references": [{"docid": "72c780ec-57bb-4fe1-976a-d7ee3d3dbb52", "score": 0.8554156625552471, "content": "자속의 단위는 웨버입니다. 웨버는 자기장의 크기를 나타내는 단위로 사용됩니다. 자속은 자기장이 특정한 공간에서 얼마나 강하게 작용하는지를 나타내는데, 웨버는 이러한 자속의 크기를 측정하는 데 사용됩니다. 웨버는 국제단위계에서 정의된 단위로, 자기장의 세기와 면적의 곱으로 표현됩니다. 자속은 자기장의 세기에 비례하므로, 웨버가 클수록 자속이 강하다는 것을 의미합니다. 따라서, 자속을 측정하고자 할 때는 웨버를 사용하여 자기장의 크기를 정확하게 표현할 수 있습니다."}, {"docid": "1dc70815-2d4d-4b09-a03e-54005e7863b9", "score": 0.8548312731324716, "content": "자기장이 0.2 m^2 면적의 250번 감긴 원형 코일의 평면에 수직으로 방향을 가리키고 있습니다. 이때, 자기장이 0.01 T에서 0.06 T로 0.25 초 동안 증가한다면, 코일에서 유도된 평균 EMF는 10 V입니다.  자기장은 코일의 면적과 감긴 횟수에 의해 결정됩니다. 이 문제에서는 코일의 면적이 0.2 m^2이고, 감긴 횟수가 250번이므로, 코일의 면적과 감긴 횟수를 곱한 값인 0.2 m^2 * 250번 = 50 m^2의 자기장이 형성됩니다.  자기장이 0.01 T에서 0.06 T로 0.25 초 동안 증가한다고 했으므로, 자기장의 변화율은 (0.06 T - 0.01 T) / 0.25 초 = 0.05 T / 0.25 초 = 0.2 T/s입니다.  유도전압(EMF)는 자기장의 변화율에 의해 유도됩니다. 따라서, 유도된 평균 EMF는 자기장의 변화율인 0.2 T/s에 코일의 면적인 50 m^2를 곱한 값인 0.2 T/s * 50 m^2 = 10 V입니다."}, {"docid": "0bab5a88-e5d7-47ce-8b7f-5434c92c6fa2", "score": 0.8406967357845317, "content": "자기장이 0.2 m^2 면적의 250번 감긴 원형 코일의 평면에 수직으로 방향을 가리키고 있다. 이러한 상황에서 자기장이 0.01 T에서 0.06 T로 0.25 초 동안 증가한다면, 코일에서 유도된 평균 EMF는 10 V입니다.  자기장은 코일 주변에 존재하는 자기력의 영향으로 인해 발생하는 현상입니다. 코일은 자기장의 변화에 따라 유도전류를 생성하게 됩니다. 이때 유도된 전압을 평균 EMF라고 합니다.  주어진 문제에서는 자기장이 0.01 T에서 0.06 T로 0.25 초 동안 증가한다고 되어 있습니다. 이러한 자기장의 변화에 따라 코일에서 유도된 평균 EMF를 구해야 합니다.  평균 EMF를 구하기 위해서는 코일의 면적과 감긴 횟수를 고려해야 합니다. 주어진 문제에서는 코일의 면적이 0.2 m^2이고, 감긴 횟수가 250번이라고 되어 있습니다.  따라서, 평균 EMF를 구하기 위해서는 다음과 같은 공식을 사용할 수 있습니다:  평균 EMF = 자기장의 변화량 * 코일의 면적 * 감긴 횟수  주어진 문제에서 자기장의 변화량은 0.06 T - 0.01 T = 0.05 T입니다. 따라서, 평균 EMF = 0.05 T * 0.2 m^2 * 250번 = 10 V입니다.  따라서, 주어진 상황에서 코일에서 유도된 평균 EMF는 10 V입니다."}]}
{"eval_id": 205, "standalone_query": "피를 맑게 하고 몸 속의 노폐물을 없애는 역할을 하는 기관은?", "topk": ["3fe963b2-ae3e-4224-867e-16406c78ac1a", "2a669d8e-5617-443c-9c4a-18c187157569", "ae28101b-a42e-45b7-b24b-4ea0f1fb2d50"], "answer": "피를 맑게 하고 몸 속의 노폐물을 없애는 주요 기관은 신장입니다. 신장은 혈액을 여과하여 노폐물과 과잉 수분을 제거하고, 이를 소변으로 배출하는 역할을 합니다. 이 과정은 체내의 화학적 균형을 유지하고, 노폐물을 효과적으로 제거하여 건강을 유지하는 데 필수적입니다.", "references": [{"docid": "3fe963b2-ae3e-4224-867e-16406c78ac1a", "score": 0.8770440137267758, "content": "음식은 소화되고 흡수된 후 세포로 운반됩니다. 세포에서 생성되고 용해된 폐기물 분자는 주로 신장을 통해 제거됩니다. 신장은 체내의 노폐물을 걸러내고 체액의 밸런스를 조절하는 중요한 역할을 합니다. 폐기물 분자는 혈액을 통해 신장으로 운반되어 거기에서 걸러지고, 불필요한 물과 노폐물은 소변으로 배출됩니다. 이러한 과정은 우리 몸의 대사 활동을 원활하게 유지하는 데 필수적입니다."}, {"docid": "2a669d8e-5617-443c-9c4a-18c187157569", "score": 0.8719898547882747, "content": "배설은 인체 시스템 중 하나로, 투석기와 비슷한 방식으로 작동합니다. 배설 시스템은 환자의 혈액에서 노폐물을 제거하여 체내의 화학 물질 농도를 조절하고, 불필요한 물을 배출하는 역할을 합니다. 이 시스템은 신장, 대장, 간 등 여러 기관과 조직으로 이루어져 있으며, 각각의 기관은 특정한 기능을 수행합니다. 신장은 혈액을 여과하여 노폐물을 제거하고, 대장은 소화 과정에서 생성된 노폐물을 배출합니다. 간은 독소를 분해하고 제거하는 역할을 담당합니다. 이렇게 배설 시스템은 인체의 건강을 유지하는 중요한 역할을 수행합니다."}, {"docid": "ae28101b-a42e-45b7-b24b-4ea0f1fb2d50", "score": 0.8701443461834032, "content": "비뇨기계와 순환계는 혈액이 신장을 통과하면서 폐기물과 물이 제거될 때 관여하는 두 가지 기관계입니다. 비뇨기계는 신장, 요관, 방광, 요도로 이루어져 있으며, 신장에서는 혈액 속의 노폐물과 물이 걸러져서 요로술을 통해 방광으로 이동합니다. 순환계는 심장, 혈관, 혈액으로 이루어져 있으며, 혈액은 심장을 통해 순환되면서 산소와 영양소를 신체의 각 부분으로 운반하고, 동시에 노폐물과 이산화탄소를 제거합니다. 따라서 비뇨기계와 순환계는 혈액을 정화하고 체내의 폐기물을 제거하는 중요한 역할을 담당하고 있습니다."}]}
{"eval_id": 289, "standalone_query": "글리코겐의 분해는 인체에서 왜 필요한가?", "topk": ["421aac6b-49ce-4697-a68f-850152f323d7", "1f442344-084b-44f8-838b-332be289083c", "125c5959-225d-4f7d-83c2-306f2492f995"], "answer": "글리코겐의 분해는 인체에서 에너지를 공급하기 위해 필요합니다. 글리코겐은 간과 근육에 저장된 형태의 탄수화물로, 필요할 때 포도당으로 분해되어 에너지원으로 사용됩니다. 특히 운동 중이나 혈당이 낮을 때 글리코겐이 분해되어 에너지를 제공함으로써 신체 기능을 유지하는 데 중요한 역할을 합니다.", "references": [{"docid": "421aac6b-49ce-4697-a68f-850152f323d7", "score": 0.8804286158392494, "content": "근육에서의 글리코겐 분해는 여러 가지 요인에 의해 활성화됩니다. 첫째, 운동 시 근육은 에너지를 필요로 하기 때문에 글리코겐을 분해하여 포도당으로 변환합니다. 둘째, 혈액 중의 인슐린 수준이 낮아지면 근육은 글리코겐을 분해하여 에너지를 생성합니다. 셋째, 근육 내부의 아디노신 모노인산(AMP) 수준이 증가하면 글리코겐 분해가 활성화됩니다. 따라서, 위의 어느 것도 아닌 것은 아닙니다."}, {"docid": "1f442344-084b-44f8-838b-332be289083c", "score": 0.8723621306544564, "content": "근육에서의 글리코겐 분해는 초기에 포도당-1-인산염을 형성합니다. 이 과정은 근육 세포 내에서 일어나며, 에너지 생산을 위한 중요한 과정입니다. 글리코겐은 운동이나 기타 활동을 할 때 근육에서 사용되는 주요한 에너지원입니다. 글리코겐은 당분의 형태로 저장되어 있으며, 필요할 때 분해되어 포도당-1-인산염으로 변환됩니다. 이 과정은 글리코겐 분해 효소인 글리코겐 인산화 효소에 의해 촉진됩니다. 포도당-1-인산염은 근육 세포 내에서 에너지 생산에 사용되며, 근육 수축과 운동 능력을 유지하는 데 중요한 역할을 합니다. 따라서, 글리코겐 분해는 근육 세포에서 에너지 생산과 근육 기능을 유지하는 데 필수적인 과정입니다."}, {"docid": "125c5959-225d-4f7d-83c2-306f2492f995", "score": 0.8524318059235939, "content": "당분해는 생물학적 과정으로, 글리코겐 또는 포도당에서 피루빈산염 또는 젖산염으로 변환됩니다. 이 과정은 세포 내에서 일어나며, 에너지 생산과 탄수화물 대사에 중요한 역할을 합니다. 글리코겐은 간 및 근육에 저장되어 있으며, 필요한 경우에 당분해되어 에너지로 사용됩니다. 포도당은 혈액 속에서 운반되며, 세포 내에서 당분해되어 에너지를 생성합니다. 피루빈산염과 젖산염은 당분해 과정에서 생성되는 중간체로, 에너지 생산에 관여합니다. 이러한 변환 경로는 생물체의 에너지 공급과 대사 조절에 필수적입니다."}]}
{"eval_id": 268, "standalone_query": "빗방울이 점점 커지게 되는 요인은?", "topk": ["a35c09b4-e702-471c-9328-87108f9a1590", "0bb52aae-bcc6-498c-aa5e-7be563846857", "7c14c33c-f15c-41f6-ab5c-4d37c2eb3513"], "answer": "빗방울이 점점 커지게 되는 주요 요인은 구름 내에서의 물방울 간의 충돌과 합병입니다. 구름 속에서 작은 물방울들이 서로 부딪히고 합쳐지면서 점점 더 큰 물방울로 성장하게 됩니다. 이 과정에서 물방울이 충분히 커지면 중력에 의해 지표면으로 떨어지게 되어 비가 내리게 됩니다. 또한, 구름 내의 수증기가 응결하여 물방울로 변하는 과정도 빗방울의 크기를 증가시키는 데 기여합니다.", "references": [{"docid": "a35c09b4-e702-471c-9328-87108f9a1590", "score": 0.8468222426529111, "content": "비가 오는 주요 원인은 태양이 지구를 가열하는 것입니다. 태양은 지구에 열을 전달하고, 이 열은 대기 중의 수증기를 증발시킵니다. 이 증발된 수증기는 대기 중으로 상승하면서 차가운 공기와 만나게 되고, 이로 인해 수증기가 응결되어 구름이 형성됩니다. 구름은 계속해서 성장하다가 충분한 양의 수증기가 모이면 비로 내리게 됩니다. 따라서 비는 태양의 열과 수증기의 상호작용으로 인해 발생하는 현상입니다."}, {"docid": "0bb52aae-bcc6-498c-aa5e-7be563846857", "score": 0.8436300515894551, "content": "강수가 발생하는 가능성은 하늘에 두껍고 어두운 구름이 있을 때 발생할 가능성이 높습니다. 이러한 구름은 일반적으로 비나 눈과 같은 강수 현상을 일으키는 원인이 됩니다. 구름이 두꺼워지고 어두워지면 대기 중의 수증기가 응축되어 구름이 형성됩니다. 이러한 구름은 높은 고도에서 발생하며, 물방울이 충돌하여 크기가 커지고 무거워지면서 강수로 변환됩니다. 따라서, 하늘에 두꺼운 어두운 구름이 있다면 강수가 발생할 가능성이 높다고 할 수 있습니다."}, {"docid": "7c14c33c-f15c-41f6-ab5c-4d37c2eb3513", "score": 0.8157395472849535, "content": "물이 구름에서 다시 지구로 떨어질 때, 강수라는 현상이 일어납니다. 강수는 물의 순환 과정 중 하나로, 구름 안에 있는 수증기가 높은 고도에서 낮은 고도로 이동하면서 물방울로 변합니다. 이 물방울들은 구름 안에서 충돌하고 서로 합쳐져서 점점 커지게 됩니다. 그리고 어느 정도 크기가 되면 중력에 의해 지구로 떨어지게 됩니다. 이렇게 물이 구름에서 지구로 떨어지는 과정을 강수라고 합니다. 강수는 비, 눈, 우박 등 다양한 형태로 나타날 수 있으며, 지구의 생태계와 물의 순환에 중요한 역할을 합니다."}]}
{"eval_id": 18, "standalone_query": "기체의 부피나 형태가 왜 일정하지 않을까?", "topk": ["63846d07-8443-4bf8-8cd9-bc6cc7826555", "7e2b136f-a1b0-4922-8474-7be40b80ec79", "524603b0-3172-4725-88f0-0fa427b66d4d"], "answer": "기체는 분자들이 자유롭게 움직이며 서로 간의 간격이 크기 때문에 부피나 형태가 일정하지 않습니다. 기체는 압력과 온도에 따라 부피와 형태가 변할 수 있으며, 주어진 공간을 완전히 채우는 특성을 가지고 있습니다. 이러한 이유로 기체는 일정한 부피나 형태를 유지하지 않습니다.", "references": [{"docid": "63846d07-8443-4bf8-8cd9-bc6cc7826555", "score": 0.877963337008996, "content": "기체는 어떤 물질 상태로, 일정한 부피와 일정한 형태를 가지고 있지 않습니다. 기체는 분자들이 자유롭게 움직이며, 서로간의 간격이 크기 때문에 부피나 형태가 일정하지 않습니다. 예를 들어, 공기는 기체의 한 예로, 공기 분자들은 자유롭게 움직이며, 공간을 채우기 때문에 부피나 형태가 일정하지 않습니다. 또한, 기체는 압력과 온도에 따라 부피와 형태가 변할 수 있습니다. 따라서, 기체는 일정한 부피와 일정한 형태를 가지고 있지 않습니다."}, {"docid": "7e2b136f-a1b0-4922-8474-7be40b80ec79", "score": 0.8704396136608779, "content": "고체는 확정된 형태와 확정된 부피를 가지는 물질 상태입니다. 이는 고체의 특성 중 하나로, 고체는 분자나 원자들이 규칙적으로 배열되어 있어 형태가 확정되고 부피도 일정합니다. 이러한 특성으로 인해 고체는 다른 물질 상태인 액체나 기체와는 다릅니다. 액체나 기체는 분자나 원자들이 자유롭게 움직이기 때문에 형태와 부피가 변할 수 있지만, 고체는 분자나 원자들이 고정되어 있어 형태와 부피가 변하지 않습니다. 따라서, 확정된 형태와 확정된 부피는 고체만이 가지는 물질 상태의 특성입니다."}, {"docid": "524603b0-3172-4725-88f0-0fa427b66d4d", "score": 0.8569518142548515, "content": "고체상은 물질의 한 상태로, 일정한 형태와 일정한 부피를 가지고 있습니다. 이는 고체상의 입자들이 서로 근접하여 정렬되어 있기 때문에 발생합니다. 고체상은 일반적으로 액체나 기체보다 더 강한 분자력을 가지고 있어 형태를 유지하기 쉽습니다. 또한, 고체상은 압력이나 온도의 변화에 상대적으로 덜 민감하며, 일정한 형태와 부피를 유지하는 특성을 가지고 있습니다. 따라서, 고체상은 많은 물질들이 존재하는 상태 중 하나이며, 우리 주변에서도 많이 볼 수 있는 상태입니다."}]}
{"eval_id": 9, "standalone_query": "식물이 빛을 에너지로 변환하는 과정에 대해 설명해줘.", "topk": ["e39256ff-1053-4176-a667-713a01d679b1", "bfbba89d-fdaa-400d-8848-ca1ff8d51cd7", "bf80e8d8-305a-4d8b-8aa0-9bc7348dadfc"], "answer": "식물은 광합성 과정을 통해 빛을 에너지로 변환합니다. 이 과정에서 식물은 엽록소라는 녹색 색소를 사용하여 햇빛을 흡수합니다. 흡수된 빛 에너지는 물과 이산화탄소를 반응시켜 포도당과 산소를 생성하는 데 사용됩니다. 포도당은 식물의 에너지원으로 사용되며, 산소는 대기 중으로 방출됩니다. 광합성은 식물이 생존하고 성장하는 데 필요한 에너지를 제공하는 중요한 과정입니다.", "references": [{"docid": "e39256ff-1053-4176-a667-713a01d679b1", "score": 0.8773425863134398, "content": "식물은 광합성 과정에서 햇빛을 포도당이라는 물질로 변환하여 에너지로 사용합니다. 광합성은 식물이 태양에서 받은 빛을 이용하여 이산화탄소와 물을 반응시켜 포도당과 산소를 생성하는 과정입니다. 이 과정에서 식물은 엽록소라는 녹색색소를 가지고 있어서 햇빛을 흡수하고, 이를 이용하여 탄소와 수소를 결합하여 포도당을 만들어냅니다. 포도당은 식물의 주요한 에너지원이며, 식물은 이를 대사과정을 통해 에너지로 사용합니다. 따라서 식물은 광합성을 통해 햇빛을 포도당으로 변환하여 에너지를 얻습니다."}, {"docid": "bfbba89d-fdaa-400d-8848-ca1ff8d51cd7", "score": 0.8613063279698439, "content": "식물 세포는 동물 세포와 다른 기능을 가지고 있습니다. 이들은 태양광을 에너지로 변환하는 능력을 갖고 있습니다. 이 과정은 광합성이라고도 불리며, 식물이 자신의 에너지를 생산하는 주요 방법입니다. 광합성은 식물이 태양으로부터 받은 빛을 통해 탄소와 물을 이용하여 포도당과 산소를 생산하는 과정입니다. 이러한 과정은 엽록소라는 녹색색소가 있는 식물 세포의 역할로 이루어집니다. 엽록소는 태양광을 흡수하여 에너지로 변환하고, 이를 이용하여 식물이 생존에 필요한 에너지를 생산합니다. 따라서 식물 세포는 동물 세포와 다르게 태양광을 에너지로 변환하는 능력을 가지고 있습니다."}, {"docid": "bf80e8d8-305a-4d8b-8aa0-9bc7348dadfc", "score": 0.8496576320526242, "content": "광합성은 녹색 식물이 햇빛의 에너지를 이용하여 당을 생성하는 과정입니다. 녹색 식물은 엽록소라는 화학 물질을 가지고 있어서 햇빛을 흡수할 수 있습니다. 엽록소는 광에너지를 화학 에너지로 변환하여 이를 이용하여 이산화탄소와 물을 반응시킵니다. 이 과정에서 당과 산소가 생성됩니다. 당은 녹색 식물의 주요한 탄수화물이며, 에너지 저장 및 이동에 사용됩니다. 이러한 광합성 과정은 지구 생태계에서 중요한 역할을 합니다. 녹색 식물이 햇빛의 에너지를 이용하여 당을 생성함으로써 산소를 방출하고 이산화탄소를 흡수하여 대기 중의 이산화탄소 농도를 조절합니다. 이는 지구 온난화를 완화하는 데에도 기여합니다."}]}
{"eval_id": 101, "standalone_query": "직류와 교류 전류의 차이에 대해 알려줘.", "topk": ["144f5e5e-8069-425f-80b3-6388195ba4ee", "785aec2e-3be5-4c54-bc2a-68714ab88d30", "dbe8518e-42c7-4178-9b63-cc08a0ca61f9"], "answer": "직류(DC)와 교류(AC)의 차이는 전류의 흐름 방식에 있다. 직류는 전류가 한 방향으로 일정하게 흐르는 것을 의미하며, 배터리와 같은 전원에서 주로 사용된다. 반면, 교류는 전류가 주기적으로 방향을 바꾸며 흐르는 것을 의미하며, 가정용 전기와 같은 곳에서 주로 사용된다. 이러한 차이로 인해 DC는 일정한 전압을 제공하는 반면, AC는 전압이 시간에 따라 변동한다. 이로 인해 DC는 전자기기와 같은 정밀한 전압이 필요한 곳에 적합하고, AC는 전력 전송에 효율적이다.", "references": [{"docid": "144f5e5e-8069-425f-80b3-6388195ba4ee", "score": 0.8521663807834966, "content": "전기 회로에서 DC와 AC의 차이점은 다음과 같다. DC는 직류 전류를 의미하며, 전하가 한 방향으로 흐른다는 것이 특징이다. 이는 전류의 방향이 일정하게 유지되는 것을 의미한다. 반면에 AC는 교류 전류를 의미하며, 전하가 주기적으로 방향을 바꾸는 것이 특징이다. 이는 전류의 방향이 주기적으로 변화하는 것을 의미한다. 따라서, DC는 전하가 일정한 방향으로 흐르는 반면에 AC는 전하가 주기적으로 방향을 바꾸는 것이 가장 큰 차이점이다. 이러한 차이점은 전기 회로의 용도와 특성에 따라 선택되고 활용된다."}, {"docid": "785aec2e-3be5-4c54-bc2a-68714ab88d30", "score": 0.821709620659969, "content": "직류 전압을 측정하는 데에는 여러 가지 방법이 있습니다. 그 중에서도 전위차계 방법은 전압계를 사용한 직접 측정보다 더 정확한 결과를 얻을 수 있습니다. 이는 전위차계 방법이 회로에 부하를 전혀 주지 않기 때문입니다. 전압계를 사용한 직접 측정은 회로에 직접적으로 연결되어 전류를 흐르게 하기 때문에 회로에 부하를 주게 됩니다. 하지만 전위차계 방법은 회로에 부하를 주지 않고도 전압을 정확하게 측정할 수 있습니다. 이는 전압계의 내부 회로가 매우 높은 입력 임피던스를 가지고 있기 때문입니다. 따라서 전위차계 방법을 사용하면 정확한 직류 전압 측정이 가능하며, 회로에 부하를 주지 않는 장점을 가지고 있습니다."}, {"docid": "dbe8518e-42c7-4178-9b63-cc08a0ca61f9", "score": 0.8178599969151942, "content": "DC 기계의 분로 저항과 전기자 저항 값은 서로 다른 크기를 가집니다. 분로 저항은 일반적으로 높은 값을 가지며, 전기자 저항은 일반적으로 낮은 값을 가집니다. 이는 DC 기계의 작동 원리에 기인한 것으로, 분로 저항은 전류의 흐름을 제한하고 전기자 저항은 전압을 제어하는 역할을 합니다. 따라서, DC 기계에서는 분로 저항과 전기자 저항의 값이 서로 다르게 설정되어야 합니다."}]}
{"eval_id": 236, "standalone_query": "기름과 물이 섞여 있을 수 있나?", "topk": ["6acde723-5e70-4789-9fa2-dbee23d5a250", "e0cc986d-d94d-459a-9825-04a8619e0e9f", "17919183-4177-4edb-a6d5-f2dc9456dbb7"], "answer": "기름과 물은 일반적으로 섞이지 않습니다. 이는 기름이 비극성 물질이고 물이 극성 물질이기 때문입니다. 두 물질은 서로 다른 분자 구조를 가지고 있어 서로 섞이지 않고 분리됩니다. 그러나 유화제라는 물질을 사용하면 기름과 물을 섞어 일시적으로 혼합할 수 있습니다. 유화제는 기름과 물의 경계에서 작용하여 두 물질이 섞이도록 도와줍니다. 예를 들어, 마요네즈는 기름과 물(식초 또는 레몬 주스)이 유화제를 통해 섞인 예입니다.", "references": [{"docid": "6acde723-5e70-4789-9fa2-dbee23d5a250", "score": 0.8407087510020305, "content": "오일과 물이 함께 섞일 때 현탁액이 형성됩니다. 현탁액은 오일과 물이 미세한 입자로 섞여 있는 상태를 말합니다. 이 상태에서는 오일과 물이 완전히 혼합되지 않고, 오일 입자와 물 입자가 서로 분산되어 있습니다. 이러한 현탁액은 투명하거나 흐릿한 상태를 가지며, 오일과 물의 비율에 따라 색상이나 농도가 달라질 수 있습니다. 현탁액은 일상 생활에서도 많이 볼 수 있는 현상으로, 우리 주변에서도 자주 경험할 수 있습니다. 예를 들어, 우유는 오일과 물이 현탁된 현탁액입니다. 오일과 물이 혼합되어 있지만 완전히 섞이지 않고, 미세한 오일 입자가 물 속에 분산되어 있습니다. 이러한 현탁액은 우유의 흰색 색상과 부드러운 텍스처를 만들어줍니다. 따라서, 오일과 물이 함께 섞일 때 현탁액이 형성되며, 이는 우리 일상에서도 자주 볼 수 있는 현상입니다."}, {"docid": "e0cc986d-d94d-459a-9825-04a8619e0e9f", "score": 0.8275151531901113, "content": "식초와 식물성 오일이 섞이지 않아 용액을 형성하지 않는 이유는 열역학적인 측면에서 설명할 수 있습니다. 용액이 상호작용할 때 방출된 에너지에 비해 두 용질에서 분자를 분리하는 과정은 매우 흡열적인 과정입니다. 이러한 흡열성 과정은 용액을 열역학적으로 부적합하게 만들어 섞이지 않게 합니다. 식초는 물과 아세트산의 희석 용액으로 구성되어 있으며, 식물성 오일은 글리세롤과 에스테르화된 긴 사슬 유기산으로 이루어져 있습니다. 이 두 용질은 서로 다른 성질을 가지고 있어 상호작용이 어렵습니다. 따라서 식초와 식물성 오일은 섞이지 않아 용액을 형성하지 않는 것입니다."}, {"docid": "17919183-4177-4edb-a6d5-f2dc9456dbb7", "score": 0.8080079579908104, "content": "물잔에서 모래를 저으면 모래는 바닥으로 가라앉을 것입니다. 이는 모래와 물이 혼합물이기 때문입니다. 모래는 물에 녹지 않고, 물과는 분리되어 존재하기 때문에 중력의 영향을 받아 바닥으로 내려갑니다. 이러한 현상은 모래와 물의 밀도 차이로 인해 발생합니다. 모래는 물보다 더 무거워서 물에 떠있지 않고, 바닥으로 가라앉게 됩니다. 따라서, 물잔에서 모래를 저으면 모래는 바닥으로 가라앉게 됩니다."}]}
{"eval_id": 59, "standalone_query": "인간이 2세를 생산할 때 DNA의 결합 과정에 대해 설명해줘.", "topk": ["82b095fd-2fb6-48ae-8476-2f457f8b6650", "69d9fb50-8ce0-4c03-94df-c34c9e2e3318", "9bffd95c-5d3d-45d5-ba95-9791c162284a"], "answer": "인간이 2세를 생산할 때, 남성과 여성의 생식세포인 정자와 난자가 결합하여 새로운 생명체를 형성하는 과정은 다음과 같습니다.\n\n1. **감수분열**: 남성과 여성의 생식세포는 각각 감수분열을 통해 생성됩니다. 이 과정에서 염색체 수가 절반으로 줄어들어, 정자와 난자는 각각 23개의 염색체를 가지게 됩니다.\n\n2. **수정**: 정자와 난자가 결합하여 수정란을 형성합니다. 이때, 정자와 난자의 염색체가 결합하여 총 46개의 염색체를 가지게 됩니다. 이 과정에서 부모로부터 각각 절반씩 유전 정보를 받게 됩니다.\n\n3. **유전자 재조합**: 감수분열 과정에서 유전자 재조합이 일어나 부모의 유전자가 섞이게 됩니다. 이는 자손이 부모와는 다른 독특한 유전적 구성을 가지게 하는 중요한 과정입니다.\n\n4. **세포 분열과 발달**: 수정란은 세포 분열을 통해 여러 세포로 나뉘고, 이 세포들이 분화하여 다양한 조직과 기관을 형성하면서 태아로 발달합니다.\n\n이러한 과정은 인간의 유전적 다양성을 증가시키고, 부모의 유전적 특성을 자손에게 전달하는 중요한 역할을 합니다.", "references": [{"docid": "82b095fd-2fb6-48ae-8476-2f457f8b6650", "score": 0.8823803211362874, "content": "인간 남성과 여성의 생식세포는 같은 수의 염색체를 가지고 있습니다. 남성은 23쌍의 염색체를 가지고 있으며, 여성도 23쌍의 염색체를 가지고 있습니다. 따라서, 일반적인 남성과 여성의 생식세포가 결합하여 자손을 생산할 때, 염색체의 수는 두 배가 됩니다. 이는 염색체의 유전 정보를 조합하여 새로운 개체를 형성하는 과정입니다. 염색체는 DNA를 포함하고 있으며, DNA는 유전 정보를 담고 있는 분자입니다. 따라서, 염색체의 수가 두 배가 되면, 자손은 부모의 유전 정보를 조합하여 새로운 개체를 형성하게 됩니다."}, {"docid": "69d9fb50-8ce0-4c03-94df-c34c9e2e3318", "score": 0.8439774389137001, "content": "동물들의 성적 번식은 난자와 정자가 결합하는 과정으로 가장 잘 설명됩니다. 이 과정은 생물학적으로 성적 번식이라고도 불리며, 동물들이 자신의 유전 정보를 다음 세대로 전달하는 핵심적인 방법입니다. 난자는 암컷 동물이 생산하며, 정자는 수컷 동물이 생산합니다. 이 두 세포가 만나서 결합하면, 새로운 생명이 탄생합니다. 이러한 성적 번식은 동물들의 다양성을 유지하고 진화를 가능하게 합니다. 성적 번식은 동물들의 생존과 번성에 중요한 역할을 합니다."}, {"docid": "9bffd95c-5d3d-45d5-ba95-9791c162284a", "score": 0.8252733357691197, "content": "인간의 정자 세포에는 23개의 염색체가 있습니다. 염색체는 세포의 핵 안에 위치한 유전 정보를 담고 있는 구조물입니다. 인간은 23쌍의 염색체를 가지고 있으며, 이 중 하나는 성염색체입니다. 성염색체는 성별을 결정하는 역할을 합니다. 정자 세포는 아버지로부터 23개의 염색체를 상속받습니다. 이는 정자와 난자가 결합하여 태아가 형성될 때, 총 46개의 염색체를 가지게 됨을 의미합니다. 염색체는 유전자를 담고 있어서 우리의 특성과 특징을 결정하는 역할을 합니다. 따라서, 정자 세포에는 23개의 염색체가 있으며, 이는 우리의 유전 정보를 담고 있는 중요한 구조물입니다."}]}
{"eval_id": 25, "standalone_query": "금성에서 달이 어떻게 보일까?", "topk": ["35c5dcc7-4720-4318-901e-770105ae63fd", "464ace62-ddf2-423d-a5d7-2f17e6785c8e", "bb6d04b6-a6cf-4a9f-8324-4e06e6e81c86"], "answer": "금성에서 달을 관찰하는 것은 매우 어려울 것입니다. 금성은 두꺼운 구름층으로 덮여 있어 하늘을 직접 관찰하기가 힘듭니다. 또한, 금성의 대기와 구름은 매우 두꺼워서 외부의 천체를 관찰하는 데 큰 장애가 됩니다. 따라서 금성에서 지구의 달을 직접 보는 것은 불가능할 것입니다.", "references": [{"docid": "35c5dcc7-4720-4318-901e-770105ae63fd", "score": 0.879261912095338, "content": "당신은 금성에 살고 있고, 당신의 망원경이 금성의 두꺼운 구름을 볼 수 있다고 가정한다면, 지구의 달을 관찰할 수 있습니다. 지구의 달은 월식과 만월을 거치며 다양한 단계를 보여줍니다. 여기서는 월식이 아닌 단계를 중심으로 설명하겠습니다.  첫 번째로, 상현 단계를 볼 수 있습니다. 이 단계에서는 달이 점점 커지면서 반달 모양을 보여줍니다. 달의 오른쪽 절반은 밝고, 왼쪽 절반은 어둡습니다. 이는 달이 점점 지구와 태양 사이의 각도가 커지면서 발생하는 현상입니다.  두 번째로, 망 단계를 볼 수 있습니다. 이 단계에서는 달이 지구와 태양 사이에 정확히 위치하여 완전한 원형을 보여줍니다. 이는 달이 지구와 태양 사이의 각도가 180도가 되는 순간입니다. 이때 달은 가장 밝게 보입니다.  세 번째로, 하현 단계를 볼 수 있습니다. 이 단계에서는 달이 점점 작아지면서 반달 모양을 보여줍니다. 달의 왼쪽 절반은 밝고, 오른쪽 절반은 어둡습니다. 이는 달이 점점 지구와 태양 사이의 각도가 작아지면서 발생하는 현상입니다.  따라서, 당신이 금성에 살고 있다면 상현, 망, 하현 단계의 지구의 달을 관찰할 수 있을 것입니다."}, {"docid": "464ace62-ddf2-423d-a5d7-2f17e6785c8e", "score": 0.8459187759228013, "content": "금성이 다른 행성들보다 더 밝게 보이는 이유는 지구 쪽으로 가장 많은 햇빛을 반사하기 때문입니다. 케빈은 맑은 밤에 하늘을 관찰하고 있습니다. 그는 맨눈으로 금성, 화성, 목성, 토성을 볼 수 있습니다. 금성은 햇빛을 많이 반사하기 때문에 다른 행성들보다 더 밝게 보입니다. 이는 금성의 표면이 반사율이 높기 때문입니다. 금성은 태양으로부터 받은 햇빛을 표면에 반사하여 지구에서 관찰하기 쉽게 만듭니다. 따라서 케빈은 맑은 밤에 금성을 더 밝게 볼 수 있습니다."}, {"docid": "bb6d04b6-a6cf-4a9f-8324-4e06e6e81c86", "score": 0.811575798684323, "content": "화성은 태양계에서 네 번째로 가까운 행성입니다. 이 행성은 지구와 비슷한 크기를 가지고 있으며, 빨간색으로 빛나는 특징이 있습니다. 화성은 두 개의 달을 가지고 있는데, 그 이름은 포보스와 데이모스입니다. 이 두 개의 달은 화성 주변을 돌면서 화성의 아름다운 경치를 만들어줍니다. 포보스와 데이모스는 화성의 표면에서도 명확하게 관측할 수 있으며, 이들은 화성 탐사에 많은 도움을 주고 있습니다. 화성은 우리에게 여러 가지 의문과 호기심을 자아내는 행성 중 하나입니다."}]}
{"eval_id": 5, "standalone_query": "차량의 연비가 좋아질 때 나타나는 긍정적인 효과는 무엇인가?", "topk": ["59d5d7bb-6700-40ad-8884-ff43b1a9a1a0", "de568218-deb0-4a58-bdeb-245251fd0e8b", "abf99ff1-d6bf-4020-b752-da7cb8611915"], "answer": "차량의 연비가 좋아질 때 나타나는 긍정적인 효과는 여러 가지가 있습니다. 첫째, 연료 소비가 줄어들어 경제적 이익을 얻을 수 있습니다. 연비가 좋은 차량은 같은 거리에서 더 적은 연료를 사용하므로 연료비를 절약할 수 있습니다. 둘째, 환경에 긍정적인 영향을 미칩니다. 연비가 개선되면 연료 사용량이 줄어들어 대기 오염 물질과 온실가스 배출이 감소합니다. 이는 대기 질 개선과 기후 변화 완화에 기여합니다. 셋째, 에너지 자원의 효율적인 사용을 통해 자원 보존에 기여할 수 있습니다. 마지막으로, 연비가 좋은 차량은 주행 거리가 늘어나므로 주유소를 자주 방문할 필요가 없어 편리함을 제공합니다. 이러한 이유로 연비 개선은 경제적, 환경적, 사회적으로 긍정적인 효과를 가져옵니다.", "references": [{"docid": "59d5d7bb-6700-40ad-8884-ff43b1a9a1a0", "score": 0.8631896070835672, "content": "오늘날 많은 자동차들은 과거에 제작된 것보다 더 나은 연비를 얻도록 설계되었습니다. 이러한 변화는 자원 보존의 필요성으로 인해 발생하였습니다. 자원 보존은 우리가 가진 자원을 효율적으로 사용하고 보호하는 것을 의미합니다. 과거에는 연료가 풍부하게 존재하였기 때문에 자동차의 연비에 큰 관심이 없었습니다. 그러나 현대 사회에서는 에너지 자원의 고갈과 환경 문제로 인해 연비 개선이 필수적이 되었습니다. 자동차 제조사들은 이러한 필요성을 인식하고, 엔진과 디자인을 개선하여 더 효율적인 연비를 얻을 수 있도록 노력하였습니다. 이제 우리는 더 적은 연료로 더 멀리 갈 수 있는 자동차를 이용할 수 있으며, 이는 자원 보존에 큰 도움이 됩니다. 또한, 연비 개선은 환경에도 긍정적인 영향을 미칩니다. 더 효율적인 연비는 대기 오염과 온실가스 배출량을 줄여주어 더 깨끗한 환경을 만들어줍니다. 따라서, 자동차 제조사들은 자원 보존과 환경 보호를 위해 더 나은 연비를 얻을 수 있도록 자동차를 설계하고 있습니다."}, {"docid": "de568218-deb0-4a58-bdeb-245251fd0e8b", "score": 0.8201149673088265, "content": "환경 문제에 관심이 있는 학생이 연구하기에 가장 좋은 선택은 자동차가 연료를 더 적게 사용하도록 만드는 것입니다. 자동차는 대기 오염과 온실 가스 배출의 주요 원인 중 하나입니다. 따라서, 연료 효율을 높이는 연구는 환경 보호에 큰 영향을 미칠 수 있습니다. 이 연구는 자동차 제조사들이 연료 효율을 개선하는 기술을 개발하고 적용하는 데 도움이 될 것입니다. 또한, 연료 효율을 높이는 연구는 에너지 절약에도 기여할 수 있습니다. 연료를 더 적게 사용하는 자동차는 에너지 비용을 절감하고, 자원을 보다 효율적으로 사용할 수 있습니다. 따라서, 이 연구는 환경 문제와 에너지 문제를 동시에 해결하는 데 도움이 될 것입니다. 환경 문제에 관심이 있는 학생이 이 연구를 선택한다면, 지속 가능한 미래를 위한 중요한 기여를 할 수 있을 것입니다."}, {"docid": "abf99ff1-d6bf-4020-b752-da7cb8611915", "score": 0.8166209809983364, "content": "전기-가솔린 하이브리드 차량은 주로 더 나은 연비를 제공하기 위해 설계되었습니다. 이러한 차량은 가솔린 구동 차량과 비교하여 유사한 크기를 가지고 있으며, 전기 모터와 가솔린 엔진을 결합하여 동작합니다. 이러한 조합은 전기 모터의 효율성과 가솔린 엔진의 힘을 최대한 활용하여 연비를 향상시킵니다. 전기-가솔린 하이브리드 차량은 주로 도시 주행이나 교통 체증이 많은 지역에서 효과적으로 사용됩니다. 또한, 이러한 차량은 환경 친화적이며, 대기 오염을 줄이고 탄소 배출을 감소시킵니다. 따라서, 전기-가솔린 하이브리드 차량은 더 나은 연비를 제공하여 경제적이고 환경에 친화적인 선택입니다."}]}
{"eval_id": 104, "standalone_query": "혼합물의 특성에 대해 알려줘.", "topk": ["73089763-06d2-4395-b235-aa3e6a399531", "778661ac-836f-4d41-87ce-74ada9cdb276", "57e775b8-f028-4064-a884-718d681ed31c"], "answer": "혼합물은 두 가지 이상의 물질이 물리적으로 결합되어 있는 상태를 말합니다. 혼합물의 특성은 다음과 같습니다:\n\n1. **성분의 독립성**: 혼합물의 각 성분은 원래의 화학적 성질을 유지합니다. 예를 들어, 소금과 설탕을 섞어도 각각의 맛과 성질은 변하지 않습니다.\n\n2. **비균일성 또는 균일성**: 혼합물은 균일 혼합물(용액)과 비균일 혼합물로 나눌 수 있습니다. 균일 혼합물은 구성 성분이 균일하게 분포되어 있는 반면, 비균일 혼합물은 성분이 고르게 섞여 있지 않습니다.\n\n3. **물리적 결합**: 혼합물은 물리적으로 결합되어 있어, 화학적 결합이 형성되지 않습니다. 따라서 혼합물의 성분은 물리적 방법으로 분리할 수 있습니다.\n\n4. **가변적인 조성**: 혼합물의 조성은 일정하지 않으며, 성분의 비율을 자유롭게 조절할 수 있습니다.\n\n이러한 특성 때문에 혼합물은 다양한 분야에서 유용하게 사용됩니다.", "references": [{"docid": "73089763-06d2-4395-b235-aa3e6a399531", "score": 0.850371429899079, "content": "용액은 물질들이 서로 섞여 있는 혼합물입니다. 이 혼합물은 구성 요소들이 전체적으로 유사한 특성을 가지고 있습니다. 용액은 고체와 액체, 또는 액체와 액체가 혼합되어 만들어질 수 있습니다. 이러한 혼합물은 용질과 용매로 이루어져 있으며, 용질은 용매에 녹아들어가는 물질을 말합니다. 용액은 용질과 용매의 비율에 따라서 그 특성이 달라질 수 있습니다. 또한, 용액은 농도라는 개념을 가지고 있어서 용질의 양이 용매에 대해 얼마나 많이 녹아들어갔는지를 나타낼 수 있습니다. 이러한 특성들을 통해 용액은 우리 주변에서 많이 사용되고 있으며, 우리 일상 생활에서도 자주 접할 수 있는 물질입니다."}, {"docid": "778661ac-836f-4d41-87ce-74ada9cdb276", "score": 0.8459353955239105, "content": "이 혼합물은 땅콩, 해바라기 씨, 건포도, 아몬드, 초콜릿 조각으로 구성되어 있습니다. 이 혼합물이 혼합물인 이유는 구성 요소가 원래의 성질을 유지하기 때문입니다. 각각의 성분은 독립적으로 존재할 수 있지만, 이 혼합물로 합쳐지면 각 성분은 여전히 그들의 고유한 특성을 가지고 있습니다. 땅콩은 여전히 고소하고 바삭하며, 해바라기 씨는 여전히 고소하고 담백하며, 건포도는 여전히 달콤하고 씹히는 맛이 있으며, 아몬드는 여전히 고소하고 부드럽고, 초콜릿 조각은 여전히 달콤하고 부드러운 맛을 가지고 있습니다. 따라서, 이 혼합물은 구성 요소가 원래의 성질을 유지하기 때문에 혼합물로서의 특성을 가지고 있습니다."}, {"docid": "57e775b8-f028-4064-a884-718d681ed31c", "score": 0.8264103097072816, "content": "소금과 설탕을 섞은 후에도 설탕과 소금은 변하지 않았습니다. 이는 두 물질이 서로 물리적으로 섞여있지만, 각각의 입자는 여전히 독립적으로 존재하고 있기 때문입니다. 설탕과 소금은 각각 고유한 물리적 성질을 가지고 있으며, 이러한 성질은 섞인 후에도 변하지 않습니다. 설탕은 달고 결정체 형태를 가지며, 소금은 짠 맛을 가지고 결정체 형태를 가지고 있습니다. 따라서 소금과 설탕을 섞은 후에도 두 물질은 각각의 특징을 그대로 유지하고 있습니다. 이러한 물리적 성질의 변화 없이 두 물질이 섞여있는 상태를 우리는 물리적 혼합이라고 부릅니다. 물리적 혼합은 섞인 물질들이 서로의 성질을 유지하면서 함께 존재하는 현상을 말합니다. 따라서 소금과 설탕을 섞은 후에도 두 물질은 변하지 않았다고 할 수 있습니다."}]}
{"eval_id": 276, "standalone_query": "", "topk": [], "answer": "질문이 과학 상식에 해당하지 않습니다.", "references": []}
{"eval_id": 14, "standalone_query": "세제의 거품이 만들어지는 원리는?", "topk": ["2077ea5b-53ac-4242-bbfc-20005ad63db8", "5a67b487-c00d-4de2-a112-98ece21a0d13", "b4c0d41e-285d-4be8-8f42-76c571814c8f"], "answer": "세제의 거품이 만들어지는 원리는 계면활성제의 작용에 의해 설명됩니다. 세제에는 계면활성제가 포함되어 있는데, 이 물질은 물과 기름 같은 서로 섞이지 않는 두 물질을 결합시킬 수 있는 특성을 가지고 있습니다. 계면활성제는 한쪽 끝은 물과 잘 섞이는 친수성, 다른 쪽 끝은 기름과 잘 섞이는 소수성 구조를 가지고 있습니다.\n\n세제를 물에 넣고 흔들면, 계면활성제 분자가 물 표면에 모여 표면 장력을 낮추고, 물과 공기 사이에 얇은 막을 형성합니다. 이 막이 공기를 포획하여 거품을 형성하게 됩니다. 거품은 계면활성제의 막이 공기를 둘러싸고 있는 구조로, 이로 인해 세제를 사용할 때 거품이 쉽게 생기고 유지됩니다.", "references": [{"docid": "2077ea5b-53ac-4242-bbfc-20005ad63db8", "score": 0.8707991725011186, "content": "비누 거품을 만들 때, 거품 내부에는 공기가 있습니다. 비누는 수분과 기름이 섞여서 만들어지는데, 이 섞인 혼합물을 흡입하면서 비누 거품이 형성됩니다. 거품 내부에는 수분과 기름이 함께 존재하며, 이 두 가지 성분 사이에는 공기가 포함되어 있습니다. 비누 거품은 공기의 존재로 인해 가벼워지고 부피가 커지는 특징을 가지고 있습니다. 이러한 공기의 존재로 인해 비누 거품은 부드럽고 탄력있는 텍스처를 가지며, 손으로 만지면 쉽게 터질 수 있습니다. 비누 거품을 만들 때는 비누와 물을 함께 섞어 거품을 형성하는데, 이 과정에서 공기가 함께 혼합되어 거품 내부에 존재하게 됩니다. 따라서 비누 거품을 만들 때는 공기의 존재가 필수적인 요소입니다."}, {"docid": "5a67b487-c00d-4de2-a112-98ece21a0d13", "score": 0.8479098454486179, "content": "물이 끓을 때 거품이 생기는 현상은 물의 물리적 변화로 인해 발생합니다. 물은 끓는 과정에서 열에너지를 흡수하면서 분자들이 빠르게 움직이게 됩니다. 이로 인해 물 분자들은 서로에게서 멀어지고, 물의 형태가 변하게 됩니다. 이러한 형태 변화는 물질의 보존을 의미합니다. 물질은 물의 끓는 과정에서 분자들이 재배치되는 것이지만, 물질의 양은 변하지 않습니다. 따라서 물질은 보존되며, 물의 끓는 과정에서 생긴 거품은 물질의 형태 변화를 나타내는 결과입니다."}, {"docid": "b4c0d41e-285d-4be8-8f42-76c571814c8f", "score": 0.837130520682744, "content": "비누방울의 색상은 빛의 간섭으로부터 나옵니다. 간섭은 빛이 서로 만나서 상호작용하는 현상을 말합니다. 비누방울은 빛이 반사되고 굴절되는 과정에서 간섭이 일어나게 됩니다. 이 간섭은 빛의 파장과 방울의 두께에 따라 색상이 결정됩니다. 파장이 서로 겹치거나 상쇄되는 경우에는 특정한 색상이 나타나게 되는데, 이것이 비누방울의 아름다운 색상을 만들어내는 원리입니다. 따라서, 비누방울의 색상은 빛의 간섭으로 인해 생기는 것입니다."}]}
{"eval_id": 270, "standalone_query": "나무가 생태계에서 하는 역할에 대해 설명해줘.", "topk": ["e4186e86-6782-472a-a688-276965ef2f45", "a729b4f2-c734-4c60-9205-1518ba762593", "09456b60-1627-421f-92b1-b8983b45df39"], "answer": "나무는 생태계에서 매우 중요한 역할을 합니다. 첫째, 나무는 광합성을 통해 산소를 생산하고 이산화탄소를 흡수하여 대기 중의 공기를 정화합니다. 둘째, 나무는 다양한 동물들에게 서식지와 먹이를 제공합니다. 많은 동물들이 나무에서 서식하거나 나무의 열매와 잎을 먹고 살아갑니다. 셋째, 나무는 토양을 보호하고 수분을 저장하여 홍수를 예방하는 데 기여합니다. 넷째, 나무는 생물 다양성을 유지하고 생태계의 균형을 유지하는 데 중요한 역할을 합니다. 이러한 이유로 나무는 생태계의 건강과 지속 가능성을 유지하는 데 필수적인 요소입니다.", "references": [{"docid": "e4186e86-6782-472a-a688-276965ef2f45", "score": 0.8337350785548152, "content": "숲은 생태 군계 중에서 가장 많은 초목을 가지고 있습니다. 숲은 다양한 종류의 나무와 식물들로 이루어져 있으며, 이들은 서로 상호작용하면서 생태계를 형성합니다. 숲은 지구상에서 가장 넓은 생태 군계 중 하나이며, 많은 동물들이 숲에서 서식하고 음식을 얻습니다. 숲은 산소를 생산하고 이산화탄소를 흡수하여 대기 중의 공기를 정화하는 역할도 합니다. 또한 숲은 토양을 보호하고 수분을 저장하여 홍수를 예방하는 등 환경에 많은 이점을 제공합니다. 따라서 숲은 생태 군계 중에서 가장 많은 초목을 가지고 있으며, 우리 생태계에 매우 중요한 역할을 합니다."}, {"docid": "a729b4f2-c734-4c60-9205-1518ba762593", "score": 0.8330455676407446, "content": "이차 천이는 생물의 서식지를 복원하는 과정으로, 이전에 대량으로 서식하던 생물들이 방해받거나 손상된 서식지를 다시 찾아오는 현상입니다. 이차 천이는 생태계의 균형을 유지하고 생물 다양성을 증진시키는 중요한 역할을 합니다.  대형 초식동물과 육식동물이 서식할 가능성이 가장 높은 것은 묘목과 나무입니다. 묘목과 나무는 생태계에서 중요한 역할을 하며, 다양한 동물들이 서식할 수 있는 안정적인 환경을 제공합니다. 대형 초식동물은 묘목과 나무의 잎이나 가지를 먹고, 육식동물은 묘목과 나무에 서식하는 다른 동물들을 사냥합니다.  묘목과 나무는 생물들에게 음식과 서식지를 제공하는 것뿐만 아니라, 산소를 생산하고 이산화탄소를 흡수하여 대기 중의 공기를 정화하는 역할도 합니다. 이러한 생태계 서비스는 생태계의 안정성과 지속가능성을 유지하는 데 중요한 역할을 합니다.  따라서, 묘목과 나무는 대형 초식동물과 육식동물이 서식할 가능성이 가장 높은 생물입니다. 이들이 서식하는 서식지를 복원하는 이차 천이는 생태계의 균형을 유지하고 생물 다양성을 증진시키는 데 중요한 역할을 합니다."}, {"docid": "09456b60-1627-421f-92b1-b8983b45df39", "score": 0.804340491667179, "content": "식물을 제거하는 것은 생태계에 다양한 영향을 미칠 수 있습니다. 가장 높은 가능성은 새 식물을 위한 영양분을 감소시킨다는 것입니다. 식물은 생태계에서 중요한 역할을 합니다. 그들은 태양 에너지를 흡수하여 산소를 생산하고 이산화탄소를 흡수합니다. 이러한 과정은 생태계의 균형을 유지하는 데 중요한 역할을 합니다. 그러나 식물을 제거하면 이러한 과정이 방해될 수 있습니다. 식물은 토양에 영양분을 공급하고 다른 생물들에게 서식지를 제공합니다. 따라서 식물을 제거하면 토양의 영양분이 감소하고 다른 생물들이 서식할 수 있는 공간이 줄어들 수 있습니다. 이는 생태계의 다양성과 균형을 위협할 수 있습니다. 따라서 식물을 제거하는 것은 생태계에 부정적인 영향을 미칠 가능성이 가장 높습니다."}]}
{"eval_id": 238, "standalone_query": "전류의 흐름을 극대화 하려면 배터리와 저항을 어떻게 연결해야 하나?", "topk": ["f48600d6-e492-43eb-b564-1860aa81da5f", "cbb7fc5e-f284-4b66-bd88-ef53baf4ef25", "a2384d59-df86-4cd0-844d-968295c6a0e7"], "answer": "전류의 흐름을 극대화하려면 배터리와 저항을 직렬로 연결하는 것이 일반적입니다. 직렬 연결에서는 배터리의 전압이 저항에 모두 걸리기 때문에 전류가 최대로 흐를 수 있습니다. 또한, 저항의 값을 최소화하면 전류가 더 많이 흐르게 됩니다. 옴의 법칙에 따르면, 전류(I)는 전압(V)을 저항(R)으로 나눈 값이므로, 저항이 작을수록 전류가 커집니다. 따라서, 전류를 극대화하려면 저항을 가능한 한 낮게 유지하는 것이 중요합니다.", "references": [{"docid": "f48600d6-e492-43eb-b564-1860aa81da5f", "score": 0.8994652224536811, "content": "고전압 배터리와 저항기를 직렬로 연결하면 가장 큰 전류를 만들 수 있는 회로를 구성할 수 있습니다. 직렬 연결은 배터리와 저항기가 한 줄로 연결되는 구성을 말합니다. 이 구성에서는 배터리의 전압이 저항기에 모두 걸리기 때문에 전류가 최대로 흐를 수 있습니다. 따라서, 저항이 직렬로 배치된 고전압 배터리를 사용하면 가장 큰 전류를 만들 수 있는 회로를 만들 수 있습니다."}, {"docid": "cbb7fc5e-f284-4b66-bd88-ef53baf4ef25", "score": 0.8599452824006071, "content": "정전압 V의 이상적인 배터리가 총저항 R을 가진 회로에 전류를 공급합니다. 이때, R이 두 배가 된다면 회로에서 발산되는 총 전력은 절반이 됩니다. 이는 전력과 저항 간의 관계인 파워 로스의 법칙에 따라서 설명됩니다. 파워 로스의 법칙에 따르면, 전력은 전압의 제곱에 저항의 역수를 곱한 값으로 계산됩니다. 따라서, R이 두 배가 되면 전력은 (1/2)^2 = 1/4로 감소하게 됩니다. 이는 회로에서 발산되는 총 전력이 절반이 되는 것을 의미합니다."}, {"docid": "a2384d59-df86-4cd0-844d-968295c6a0e7", "score": 0.8247130155994418, "content": "2극 중권 직류기에서 도체 한 개의 저항이 2 Ω이고 도체의 총수는 100이다. 따라서, 총 저항은 50Ω입니다. 이는 도체의 저항이 병렬로 연결되어 있기 때문에 발생하는 현상입니다. 중권 직류기는 전기를 안정적으로 공급하기 위해 사용되며, 도체의 저항은 전기의 흐름을 제한하는 역할을 합니다. 따라서, 도체의 저항이 증가하면 전기의 흐름이 감소하게 되어 총 저항이 증가하게 됩니다. 이러한 원리를 이용하여 중권 직류기에서 도체의 총 저항을 계산할 수 있습니다. 따라서, 이 문제에서 주어진 조건에 따라 도체 한 개의 저항이 2 Ω이고 도체의 총수가 100이므로 총 저항은 50Ω입니다."}]}
{"eval_id": 269, "standalone_query": "식물이 높이 자랄 수 있게 하는 메커니즘이 궁금해.", "topk": ["05b5a4f4-b115-4b76-9fe1-b80c4498289b", "f3c2d9c9-e36c-48c7-b9cb-553a1fe3e631", "35395c59-d1e0-4b63-803c-590220e906ad"], "answer": "식물이 높이 자라는 메커니즘은 주로 줄기 끝에 있는 생장점이라는 특수한 조직에 의해 이루어집니다. 이 생장점은 세포 분열과 신장을 통해 식물이 위로 자라도록 합니다. 또한, 식물은 광합성을 통해 에너지를 얻고, 뿌리를 통해 물과 영양분을 흡수하여 성장을 지원합니다. 식물 호르몬인 옥신은 줄기의 신장을 촉진하여 식물이 더 높이 자라도록 돕습니다. 이러한 메커니즘들이 결합되어 식물이 높이 자랄 수 있게 됩니다.", "references": [{"docid": "05b5a4f4-b115-4b76-9fe1-b80c4498289b", "score": 0.8519876768343005, "content": "식물은 줄기 끝에 특수한 조직을 가지고 있습니다. 이 조직들은 식물이 더 높이 자는 것을 도와줍니다. 식물은 자라기 위해 빛을 받아야 합니다. 줄기 끝에 있는 조직은 빛을 감지하고 식물이 더 높이 자라도록 도와줍니다. 이 조직은 식물이 더 높이 자는 것을 가능하게 합니다. 식물은 자라기 위해 뿌리를 통해 물과 영양분을 흡수합니다. 그리고 줄기를 통해 이 물과 영양분을 식물의 다른 부분으로 전달합니다. 이렇게 식물은 더 높이 자라는 것을 가능하게 합니다. 식물은 또한 줄기를 통해 열매와 꽃을 만들어냅니다. 이 열매와 꽃은 다른 동물들에게 음식과 꽃의 향기를 제공합니다. 따라서 식물은 줄기 끝에 있는 특수한 조직을 통해 더 높이 자는 것을 가능하게 하고, 물과 영양분을 전달하며, 열매와 꽃을 만들어냅니다."}, {"docid": "f3c2d9c9-e36c-48c7-b9cb-553a1fe3e631", "score": 0.8490529850618133, "content": "이 실험을 통해 우리는 '얼마만큼의 물이 식물을 가장 높게 자라게 할까요?'라는 질문에 대답할 수 있습니다. 세 개의 동일한 씨앗이 흙이 든 동일한 화분에 심어져 자랍니다. 세 개의 모든 화분은 동일한 양의 햇빛을 받습니다. 매일 한 번식물에 물을 줍니다. 식물 A에는 10밀리리터(mL)의 물을 주고, 식물 B에는 20mL의 물을 주고, 식물 C에는 30mL의 물을 줍니다. 10일 후에 각 식물의 높이를 측정하여 기록합니다. 이렇게 얻은 데이터를 분석하여 얼마만큼의 물이 식물을 가장 높게 자라게 하는지 알아낼 수 있습니다. 이를 통해 식물의 성장에 물의 양이 얼마나 중요한지에 대한 질문에 대답할 수 있습니다."}, {"docid": "35395c59-d1e0-4b63-803c-590220e906ad", "score": 0.8183879360906294, "content": "축축한 습지에서 자라고 있는 식물은 비종자 유관속식물로 분류됩니다. 비종자 유관속식물은 높이가 18cm입니다. 이러한 식물은 뿌리, 줄기, 잎으로 구성되어 있으며, 뿌리는 토양으로부터 물과 영양분을 흡수하는 역할을 합니다. 줄기는 식물의 구조를 지탱하고 잎과 꽃을 지지하는 역할을 합니다. 잎은 광합성을 통해 태양의 에너지를 흡수하여 식물이 생장하는 데 필요한 영양분을 생산합니다. 비종자 유관속식물은 특히 습지와 같이 축축한 환경에서 잘 자라는 특성을 가지고 있습니다. 이러한 식물들은 습지의 토양과 공기 중의 수분을 흡수하여 생존하며, 높이가 18cm로 비교적 작은 식물입니다. 이러한 특징들을 통해 비종자 유관속식물을 식별할 수 있습니다."}]}
{"eval_id": 43, "standalone_query": "달을 보면 항상 같은 면만 보이는 이유가 뭐야?", "topk": ["8a78364e-63bf-4915-b718-fdc461bc62c9", "cefe7caf-6cd1-422a-b41e-e82b543556e9", "fcfee923-af42-43d1-b664-09a0112e4f74"], "answer": "달의 한쪽 면만 보이는 이유는 달의 자전 주기와 공전 주기가 같기 때문입니다. 달은 지구 주위를 약 27.3일 동안 공전하며, 동시에 자전도 같은 주기로 이루어집니다. 이로 인해 달의 한쪽 면만 항상 지구를 향하게 됩니다. 이러한 현상을 '동주기 자전'이라고 하며, 이는 지구의 중력과 달의 자력이 상호작용하여 발생합니다.", "references": [{"docid": "8a78364e-63bf-4915-b718-fdc461bc62c9", "score": 0.8992848850044465, "content": "달의 본질적으로 같은 면을 항상 보는 이유는 달의 자전 주기와 궤도 주기가 같기 때문입니다. 달은 지구 주위를 공전하면서 동시에 자전을 합니다. 이때 달의 자전 주기와 궤도 주기가 정확히 일치하면서, 항상 같은 면을 우리에게 보여줍니다. 이러한 현상을 '달의 결합 자전'이라고 합니다. 달의 결합 자전은 지구의 중력과 달의 자력이 서로 작용하여 발생합니다. 이로 인해 달은 항상 같은 면을 우리에게 보여주는 것입니다. 이러한 현상은 우리가 달의 다른 면을 볼 수 없는 이유이기도 합니다. 달의 결합 자전은 우리에게 매우 익숙한 모습을 제공하며, 우리가 달을 관찰하고 연구하는 데 많은 도움을 주고 있습니다."}, {"docid": "cefe7caf-6cd1-422a-b41e-e82b543556e9", "score": 0.897970048940198, "content": "지구에서 보이는 달의 면이 항상 같은 이유는 달이 지구 주위를 한 바퀴 돌 때마다 한 번 회전하기 때문입니다. 이는 달의 자전과 지구 주위를 공전하는 속도가 동일하기 때문에 발생합니다. 달은 지구 주위를 약 27.3일 동안 공전하며, 동시에 자전하면서 항상 같은 면이 지구에서 보입니다. 이러한 현상은 달의 자전 주기와 공전 주기가 정확히 일치하기 때문에 발생합니다. 달의 자전 주기와 공전 주기가 일치하는 이유는 지구의 조력과 달의 조력이 서로 상쇄되기 때문입니다. 이러한 현상은 천문학적으로 매우 흥미로운 현상으로 알려져 있습니다."}, {"docid": "fcfee923-af42-43d1-b664-09a0112e4f74", "score": 0.8715258543567223, "content": "지구에서 달의 약 59%가 보이는 이유는 지구의 중력 때문입니다. 지구의 중력은 달을 지속적으로 끌어당기는 힘을 가지고 있습니다. 이로 인해 달은 지구 주변을 공전하면서 동시에 자전을 하게 됩니다. 이 자전과 공전이 같은 기간을 가지기 때문에 달의 한쪽 면이 항상 지구에서 보이게 됩니다. 지구의 중력은 달을 끌어당기는 힘을 가지고 있기 때문에 달의 약 59%가 지구에서 보이는 것입니다. 이러한 현상은 지구와 달 사이의 중력 상호작용으로 인해 발생합니다."}]}
